time, name, version, hash_source, binaries, binaries_size
20160101111320,clamav,0.98.7+dfsg-0+deb8u1,3e6e3b0aa9469b01afd2df00032d4ffb,"clamav-base clamav-docs clamav-dbg clamav libclamav-dev libclamav6 clamav-daemon clamdscan clamav-testfiles clamav-freshclam clamav-milter",9643586
20160101111320,libdatetime-timezone-perl,1:1.75-2+2015g,8c1255fe6cf38db000f2ef33f243309b,"libdatetime-timezone-perl",269884
20160101111320,tzdata,2015g-0+deb8u1,9530bc7b9dece03300aa3ff0466be2f5,"tzdata tzdata-java",264558
20160406100356,c-icap-modules,1:0.3.2-2,3cd30e29aec3155b06d53fae90ff0385,"libc-icap-mod-virus-scan libc-icap-mod-clamav libc-icap-mod-urlcheck",58824
20160406100356,clamav,0.99+dfsg-0+deb8u2,7639d58652cd4a509b373656d668d9f8,"clamav-base clamav-docs clamav-dbg clamav libclamav-dev libclamav7 clamav-daemon clamdscan clamav-testfiles clamav-freshclam clamav-milter",10282842
20160406100356,dansguardian,2.10.1.1-5.1,0987a1c9bfbdf398118386f10279611a,"dansguardian",399154
20160406100356,havp,0.92a-3,54b7404d684031215f816f2ee6f51e0b,"havp",133018
20160406100356,libdatetime-timezone-perl,1:1.75-2+2016c,4817ff8357301e60c0a55491df021b75,"libdatetime-timezone-perl",271370
20160406100356,python-clamav,0.4.1-7,375ebf512d66ccd53cdb88860a93e870,"python-pyclamav python-clamav",16518
20160406100356,tzdata,2016c-0+deb8u1,b7b196e82ef6ac5f9e09efa8eeb04baa,"tzdata tzdata-java",263244
20160423160453,tzdata,2016d-0+deb8u1,220f4c1e726ae124f1ce3fa42619f875,"tzdata tzdata-java",266370
20160502225046,libdatetime-timezone-perl,1:1.75-2+2016d,c14ce5ef7024bc4de5c5cbc037ad0d43,"libdatetime-timezone-perl",272374
20160708221607,libdatetime-timezone-perl,1:1.75-2+2016e,524a0694aab8536d6847a7d6bdd83508,"libdatetime-timezone-perl",275024
20160708221607,tzdata,2016e-0+deb8u1,ecee2c86591b84a77b52ac82cb179014,"tzdata tzdata-java",267068
20161008044734,fusionforge,5.3.2+20141104-3+deb8u3,9c61e1ab47de47addc2a8f1d9f2d423b,"fusionforge-standard fusionforge-minimal fusionforge-full gforge gforge-common gforge-web-apache2 gforge-web-apache2-vhosts gforge-db-postgresql gforge-db-remote gforge-mta-exim4 gforge-mta-postfix gforge-shell-postgresql gforge-ftp-proftpd gforge-dns-bind9 gforge-lists-mailman fusionforge-plugin-admssw fusionforge-plugin-authcas fusionforge-plugin-authhttpd fusionforge-plugin-authldap fusionforge-plugin-blocks fusionforge-plugin-compactpreview fusionforge-plugin-contribtracker fusionforge-plugin-doaprdf fusionforge-plugin-extsubproj fusionforge-plugin-foafprofiles fusionforge-plugin-globalsearch fusionforge-plugin-gravatar fusionforge-plugin-headermenu fusionforge-plugin-hudson fusionforge-plugin-mediawiki fusionforge-plugin-message fusionforge-plugin-moinmoin fusionforge-plugin-projectlabels fusionforge-plugin-scmarch fusionforge-plugin-scmbzr fusionforge-plugin-scmcvs fusionforge-plugin-scmdarcs fusionforge-plugin-scmgit fusionforge-plugin-scmhg fusionforge-plugin-scmhook fusionforge-plugin-scmsvn fusionforge-plugin-sysauthldap",5909068
20161008044734,libdatetime-timezone-perl,1:1.75-2+2016f,d029d8049d293577137dc25be0f70a30,"libdatetime-timezone-perl",272328
20161008044734,libdevel-declare-perl,0.006017-1+deb8u1,6739d4bc6ca8e644372afc18f9d443b4,"libdevel-declare-perl",36602
20161008044734,linux,3.16.7-ckt25-2,02acda376b13a1e267893a3ef89d5929,"linux-source-3.16 linux-doc-3.16 linux-manual-3.16 linux-support-3.16.0-4 linux-libc-dev linux-headers-3.16.0-4-all linux-headers-3.16.0-4-all-alpha kernel-image-3.16.0-4-alpha-generic-di nic-modules-3.16.0-4-alpha-generic-di nic-wireless-modules-3.16.0-4-alpha-generic-di nic-shared-modules-3.16.0-4-alpha-generic-di serial-modules-3.16.0-4-alpha-generic-di usb-serial-modules-3.16.0-4-alpha-generic-di ppp-modules-3.16.0-4-alpha-generic-di pata-modules-3.16.0-4-alpha-generic-di cdrom-core-modules-3.16.0-4-alpha-generic-di scsi-core-modules-3.16.0-4-alpha-generic-di scsi-modules-3.16.0-4-alpha-generic-di scsi-common-modules-3.16.0-4-alpha-generic-di scsi-extra-modules-3.16.0-4-alpha-generic-di loop-modules-3.16.0-4-alpha-generic-di btrfs-modules-3.16.0-4-alpha-generic-di ext4-modules-3.16.0-4-alpha-generic-di isofs-modules-3.16.0-4-alpha-generic-di jfs-modules-3.16.0-4-alpha-generic-di xfs-modules-3.16.0-4-alpha-generic-di fat-modules-3.16.0-4-alpha-generic-di md-modules-3.16.0-4-alpha-generic-di multipath-modules-3.16.0-4-alpha-generic-di usb-modules-3.16.0-4-alpha-generic-di usb-storage-modules-3.16.0-4-alpha-generic-di fb-modules-3.16.0-4-alpha-generic-di input-modules-3.16.0-4-alpha-generic-di event-modules-3.16.0-4-alpha-generic-di mouse-modules-3.16.0-4-alpha-generic-di nic-pcmcia-modules-3.16.0-4-alpha-generic-di pcmcia-modules-3.16.0-4-alpha-generic-di nic-usb-modules-3.16.0-4-alpha-generic-di sata-modules-3.16.0-4-alpha-generic-di core-modules-3.16.0-4-alpha-generic-di crc-modules-3.16.0-4-alpha-generic-di crypto-modules-3.16.0-4-alpha-generic-di crypto-dm-modules-3.16.0-4-alpha-generic-di ata-modules-3.16.0-4-alpha-generic-di nbd-modules-3.16.0-4-alpha-generic-di squashfs-modules-3.16.0-4-alpha-generic-di virtio-modules-3.16.0-4-alpha-generic-di zlib-modules-3.16.0-4-alpha-generic-di fuse-modules-3.16.0-4-alpha-generic-di srm-modules-3.16.0-4-alpha-generic-di linux-headers-3.16.0-4-common linux-image-3.16.0-4-alpha-generic linux-headers-3.16.0-4-alpha-generic linux-image-3.16.0-4-alpha-smp linux-headers-3.16.0-4-alpha-smp linux-headers-3.16.0-4-all-amd64 kernel-image-3.16.0-4-amd64-di nic-modules-3.16.0-4-amd64-di nic-wireless-modules-3.16.0-4-amd64-di nic-shared-modules-3.16.0-4-amd64-di serial-modules-3.16.0-4-amd64-di usb-serial-modules-3.16.0-4-amd64-di ppp-modules-3.16.0-4-amd64-di pata-modules-3.16.0-4-amd64-di cdrom-core-modules-3.16.0-4-amd64-di firewire-core-modules-3.16.0-4-amd64-di scsi-core-modules-3.16.0-4-amd64-di scsi-modules-3.16.0-4-amd64-di scsi-common-modules-3.16.0-4-amd64-di scsi-extra-modules-3.16.0-4-amd64-di loop-modules-3.16.0-4-amd64-di btrfs-modules-3.16.0-4-amd64-di ext4-modules-3.16.0-4-amd64-di isofs-modules-3.16.0-4-amd64-di jfs-modules-3.16.0-4-amd64-di ntfs-modules-3.16.0-4-amd64-di xfs-modules-3.16.0-4-amd64-di fat-modules-3.16.0-4-amd64-di md-modules-3.16.0-4-amd64-di multipath-modules-3.16.0-4-amd64-di usb-modules-3.16.0-4-amd64-di usb-storage-modules-3.16.0-4-amd64-di pcmcia-storage-modules-3.16.0-4-amd64-di fb-modules-3.16.0-4-amd64-di input-modules-3.16.0-4-amd64-di event-modules-3.16.0-4-amd64-di mouse-modules-3.16.0-4-amd64-di nic-pcmcia-modules-3.16.0-4-amd64-di pcmcia-modules-3.16.0-4-amd64-di nic-usb-modules-3.16.0-4-amd64-di sata-modules-3.16.0-4-amd64-di core-modules-3.16.0-4-amd64-di acpi-modules-3.16.0-4-amd64-di i2c-modules-3.16.0-4-amd64-di crc-modules-3.16.0-4-amd64-di crypto-modules-3.16.0-4-amd64-di crypto-dm-modules-3.16.0-4-amd64-di efi-modules-3.16.0-4-amd64-di ata-modules-3.16.0-4-amd64-di mmc-core-modules-3.16.0-4-amd64-di mmc-modules-3.16.0-4-amd64-di nbd-modules-3.16.0-4-amd64-di squashfs-modules-3.16.0-4-amd64-di speakup-modules-3.16.0-4-amd64-di virtio-modules-3.16.0-4-amd64-di uinput-modules-3.16.0-4-amd64-di sound-modules-3.16.0-4-amd64-di hyperv-modules-3.16.0-4-amd64-di udf-modules-3.16.0-4-amd64-di fuse-modules-3.16.0-4-amd64-di linux-image-3.16.0-4-amd64 linux-headers-3.16.0-4-amd64 linux-image-3.16.0-4-amd64-dbg xen-linux-system-3.16.0-4-amd64 linux-headers-3.16.0-4-all-arm64 kernel-image-3.16.0-4-arm64-di nic-modules-3.16.0-4-arm64-di nic-wireless-modules-3.16.0-4-arm64-di nic-shared-modules-3.16.0-4-arm64-di ppp-modules-3.16.0-4-arm64-di cdrom-core-modules-3.16.0-4-arm64-di scsi-core-modules-3.16.0-4-arm64-di scsi-modules-3.16.0-4-arm64-di loop-modules-3.16.0-4-arm64-di btrfs-modules-3.16.0-4-arm64-di ext4-modules-3.16.0-4-arm64-di isofs-modules-3.16.0-4-arm64-di jfs-modules-3.16.0-4-arm64-di xfs-modules-3.16.0-4-arm64-di fat-modules-3.16.0-4-arm64-di md-modules-3.16.0-4-arm64-di multipath-modules-3.16.0-4-arm64-di usb-modules-3.16.0-4-arm64-di usb-storage-modules-3.16.0-4-arm64-di input-modules-3.16.0-4-arm64-di event-modules-3.16.0-4-arm64-di nic-usb-modules-3.16.0-4-arm64-di sata-modules-3.16.0-4-arm64-di core-modules-3.16.0-4-arm64-di crc-modules-3.16.0-4-arm64-di crypto-modules-3.16.0-4-arm64-di crypto-dm-modules-3.16.0-4-arm64-di efi-modules-3.16.0-4-arm64-di ata-modules-3.16.0-4-arm64-di mmc-modules-3.16.0-4-arm64-di nbd-modules-3.16.0-4-arm64-di squashfs-modules-3.16.0-4-arm64-di virtio-modules-3.16.0-4-arm64-di uinput-modules-3.16.0-4-arm64-di udf-modules-3.16.0-4-arm64-di fuse-modules-3.16.0-4-arm64-di linux-image-3.16.0-4-arm64 linux-headers-3.16.0-4-arm64 linux-image-3.16.0-4-arm64-dbg linux-headers-3.16.0-4-all-armel kernel-image-3.16.0-4-kirkwood-di nic-modules-3.16.0-4-kirkwood-di nic-shared-modules-3.16.0-4-kirkwood-di usb-serial-modules-3.16.0-4-kirkwood-di ppp-modules-3.16.0-4-kirkwood-di cdrom-core-modules-3.16.0-4-kirkwood-di scsi-core-modules-3.16.0-4-kirkwood-di loop-modules-3.16.0-4-kirkwood-di btrfs-modules-3.16.0-4-kirkwood-di ext4-modules-3.16.0-4-kirkwood-di isofs-modules-3.16.0-4-kirkwood-di jfs-modules-3.16.0-4-kirkwood-di fat-modules-3.16.0-4-kirkwood-di minix-modules-3.16.0-4-kirkwood-di md-modules-3.16.0-4-kirkwood-di multipath-modules-3.16.0-4-kirkwood-di usb-modules-3.16.0-4-kirkwood-di usb-storage-modules-3.16.0-4-kirkwood-di fb-modules-3.16.0-4-kirkwood-di input-modules-3.16.0-4-kirkwood-di event-modules-3.16.0-4-kirkwood-di mouse-modules-3.16.0-4-kirkwood-di nic-usb-modules-3.16.0-4-kirkwood-di sata-modules-3.16.0-4-kirkwood-di core-modules-3.16.0-4-kirkwood-di crc-modules-3.16.0-4-kirkwood-di crypto-modules-3.16.0-4-kirkwood-di crypto-dm-modules-3.16.0-4-kirkwood-di mmc-modules-3.16.0-4-kirkwood-di nbd-modules-3.16.0-4-kirkwood-di squashfs-modules-3.16.0-4-kirkwood-di uinput-modules-3.16.0-4-kirkwood-di leds-modules-3.16.0-4-kirkwood-di udf-modules-3.16.0-4-kirkwood-di fuse-modules-3.16.0-4-kirkwood-di kernel-image-3.16.0-4-orion5x-di nic-modules-3.16.0-4-orion5x-di nic-shared-modules-3.16.0-4-orion5x-di usb-serial-modules-3.16.0-4-orion5x-di ppp-modules-3.16.0-4-orion5x-di cdrom-core-modules-3.16.0-4-orion5x-di scsi-core-modules-3.16.0-4-orion5x-di loop-modules-3.16.0-4-orion5x-di ipv6-modules-3.16.0-4-orion5x-di btrfs-modules-3.16.0-4-orion5x-di ext4-modules-3.16.0-4-orion5x-di isofs-modules-3.16.0-4-orion5x-di jffs2-modules-3.16.0-4-orion5x-di jfs-modules-3.16.0-4-orion5x-di fat-modules-3.16.0-4-orion5x-di minix-modules-3.16.0-4-orion5x-di md-modules-3.16.0-4-orion5x-di multipath-modules-3.16.0-4-orion5x-di usb-modules-3.16.0-4-orion5x-di usb-storage-modules-3.16.0-4-orion5x-di event-modules-3.16.0-4-orion5x-di nic-usb-modules-3.16.0-4-orion5x-di sata-modules-3.16.0-4-orion5x-di core-modules-3.16.0-4-orion5x-di crc-modules-3.16.0-4-orion5x-di crypto-modules-3.16.0-4-orion5x-di crypto-dm-modules-3.16.0-4-orion5x-di nbd-modules-3.16.0-4-orion5x-di squashfs-modules-3.16.0-4-orion5x-di zlib-modules-3.16.0-4-orion5x-di udf-modules-3.16.0-4-orion5x-di fuse-modules-3.16.0-4-orion5x-di kernel-image-3.16.0-4-versatile-di nic-modules-3.16.0-4-versatile-di nic-shared-modules-3.16.0-4-versatile-di usb-serial-modules-3.16.0-4-versatile-di ppp-modules-3.16.0-4-versatile-di cdrom-core-modules-3.16.0-4-versatile-di scsi-core-modules-3.16.0-4-versatile-di scsi-common-modules-3.16.0-4-versatile-di loop-modules-3.16.0-4-versatile-di btrfs-modules-3.16.0-4-versatile-di ext4-modules-3.16.0-4-versatile-di isofs-modules-3.16.0-4-versatile-di fat-modules-3.16.0-4-versatile-di md-modules-3.16.0-4-versatile-di multipath-modules-3.16.0-4-versatile-di usb-modules-3.16.0-4-versatile-di usb-storage-modules-3.16.0-4-versatile-di nic-usb-modules-3.16.0-4-versatile-di sata-modules-3.16.0-4-versatile-di core-modules-3.16.0-4-versatile-di crc-modules-3.16.0-4-versatile-di crypto-modules-3.16.0-4-versatile-di crypto-dm-modules-3.16.0-4-versatile-di nbd-modules-3.16.0-4-versatile-di squashfs-modules-3.16.0-4-versatile-di virtio-modules-3.16.0-4-versatile-di zlib-modules-3.16.0-4-versatile-di udf-modules-3.16.0-4-versatile-di fuse-modules-3.16.0-4-versatile-di linux-image-3.16.0-4-ixp4xx linux-headers-3.16.0-4-ixp4xx linux-image-3.16.0-4-kirkwood linux-headers-3.16.0-4-kirkwood linux-image-3.16.0-4-orion5x linux-headers-3.16.0-4-orion5x linux-image-3.16.0-4-versatile linux-headers-3.16.0-4-versatile linux-headers-3.16.0-4-all-armhf kernel-image-3.16.0-4-armmp-di nic-modules-3.16.0-4-armmp-di nic-wireless-modules-3.16.0-4-armmp-di nic-shared-modules-3.16.0-4-armmp-di ppp-modules-3.16.0-4-armmp-di pata-modules-3.16.0-4-armmp-di scsi-core-modules-3.16.0-4-armmp-di scsi-modules-3.16.0-4-armmp-di loop-modules-3.16.0-4-armmp-di btrfs-modules-3.16.0-4-armmp-di ext4-modules-3.16.0-4-armmp-di isofs-modules-3.16.0-4-armmp-di jfs-modules-3.16.0-4-armmp-di fat-modules-3.16.0-4-armmp-di md-modules-3.16.0-4-armmp-di multipath-modules-3.16.0-4-armmp-di usb-modules-3.16.0-4-armmp-di usb-storage-modules-3.16.0-4-armmp-di fb-modules-3.16.0-4-armmp-di input-modules-3.16.0-4-armmp-di event-modules-3.16.0-4-armmp-di nic-usb-modules-3.16.0-4-armmp-di sata-modules-3.16.0-4-armmp-di core-modules-3.16.0-4-armmp-di crc-modules-3.16.0-4-armmp-di crypto-modules-3.16.0-4-armmp-di crypto-dm-modules-3.16.0-4-armmp-di ata-modules-3.16.0-4-armmp-di mmc-modules-3.16.0-4-armmp-di nbd-modules-3.16.0-4-armmp-di squashfs-modules-3.16.0-4-armmp-di virtio-modules-3.16.0-4-armmp-di uinput-modules-3.16.0-4-armmp-di zlib-modules-3.16.0-4-armmp-di udf-modules-3.16.0-4-armmp-di fuse-modules-3.16.0-4-armmp-di mtd-modules-3.16.0-4-armmp-di linux-image-3.16.0-4-armmp linux-headers-3.16.0-4-armmp linux-image-3.16.0-4-armmp-lpae linux-headers-3.16.0-4-armmp-lpae linux-headers-3.16.0-4-all-hppa kernel-image-3.16.0-4-parisc-di nic-modules-3.16.0-4-parisc-di nic-shared-modules-3.16.0-4-parisc-di serial-modules-3.16.0-4-parisc-di usb-serial-modules-3.16.0-4-parisc-di ppp-modules-3.16.0-4-parisc-di pata-modules-3.16.0-4-parisc-di cdrom-core-modules-3.16.0-4-parisc-di scsi-core-modules-3.16.0-4-parisc-di scsi-modules-3.16.0-4-parisc-di scsi-common-modules-3.16.0-4-parisc-di loop-modules-3.16.0-4-parisc-di btrfs-modules-3.16.0-4-parisc-di ext4-modules-3.16.0-4-parisc-di isofs-modules-3.16.0-4-parisc-di jfs-modules-3.16.0-4-parisc-di xfs-modules-3.16.0-4-parisc-di fat-modules-3.16.0-4-parisc-di md-modules-3.16.0-4-parisc-di multipath-modules-3.16.0-4-parisc-di usb-modules-3.16.0-4-parisc-di usb-storage-modules-3.16.0-4-parisc-di input-modules-3.16.0-4-parisc-di event-modules-3.16.0-4-parisc-di mouse-modules-3.16.0-4-parisc-di nic-usb-modules-3.16.0-4-parisc-di sata-modules-3.16.0-4-parisc-di core-modules-3.16.0-4-parisc-di crc-modules-3.16.0-4-parisc-di crypto-modules-3.16.0-4-parisc-di crypto-dm-modules-3.16.0-4-parisc-di ata-modules-3.16.0-4-parisc-di nbd-modules-3.16.0-4-parisc-di squashfs-modules-3.16.0-4-parisc-di virtio-modules-3.16.0-4-parisc-di zlib-modules-3.16.0-4-parisc-di fuse-modules-3.16.0-4-parisc-di kernel-image-3.16.0-4-parisc64-smp-di nic-modules-3.16.0-4-parisc64-smp-di nic-shared-modules-3.16.0-4-parisc64-smp-di serial-modules-3.16.0-4-parisc64-smp-di usb-serial-modules-3.16.0-4-parisc64-smp-di ppp-modules-3.16.0-4-parisc64-smp-di pata-modules-3.16.0-4-parisc64-smp-di cdrom-core-modules-3.16.0-4-parisc64-smp-di scsi-core-modules-3.16.0-4-parisc64-smp-di scsi-modules-3.16.0-4-parisc64-smp-di scsi-common-modules-3.16.0-4-parisc64-smp-di loop-modules-3.16.0-4-parisc64-smp-di btrfs-modules-3.16.0-4-parisc64-smp-di ext4-modules-3.16.0-4-parisc64-smp-di isofs-modules-3.16.0-4-parisc64-smp-di jfs-modules-3.16.0-4-parisc64-smp-di xfs-modules-3.16.0-4-parisc64-smp-di fat-modules-3.16.0-4-parisc64-smp-di md-modules-3.16.0-4-parisc64-smp-di multipath-modules-3.16.0-4-parisc64-smp-di usb-modules-3.16.0-4-parisc64-smp-di usb-storage-modules-3.16.0-4-parisc64-smp-di fb-modules-3.16.0-4-parisc64-smp-di input-modules-3.16.0-4-parisc64-smp-di event-modules-3.16.0-4-parisc64-smp-di mouse-modules-3.16.0-4-parisc64-smp-di nic-usb-modules-3.16.0-4-parisc64-smp-di sata-modules-3.16.0-4-parisc64-smp-di core-modules-3.16.0-4-parisc64-smp-di crc-modules-3.16.0-4-parisc64-smp-di crypto-modules-3.16.0-4-parisc64-smp-di crypto-dm-modules-3.16.0-4-parisc64-smp-di ata-modules-3.16.0-4-parisc64-smp-di nbd-modules-3.16.0-4-parisc64-smp-di squashfs-modules-3.16.0-4-parisc64-smp-di virtio-modules-3.16.0-4-parisc64-smp-di zlib-modules-3.16.0-4-parisc64-smp-di fuse-modules-3.16.0-4-parisc64-smp-di linux-image-3.16.0-4-parisc linux-headers-3.16.0-4-parisc linux-image-3.16.0-4-parisc64-smp linux-headers-3.16.0-4-parisc64-smp linux-headers-3.16.0-4-all-i386 kernel-image-3.16.0-4-586-di nic-modules-3.16.0-4-586-di nic-wireless-modules-3.16.0-4-586-di nic-shared-modules-3.16.0-4-586-di serial-modules-3.16.0-4-586-di usb-serial-modules-3.16.0-4-586-di ppp-modules-3.16.0-4-586-di pata-modules-3.16.0-4-586-di cdrom-core-modules-3.16.0-4-586-di firewire-core-modules-3.16.0-4-586-di scsi-core-modules-3.16.0-4-586-di scsi-modules-3.16.0-4-586-di scsi-common-modules-3.16.0-4-586-di scsi-extra-modules-3.16.0-4-586-di loop-modules-3.16.0-4-586-di btrfs-modules-3.16.0-4-586-di ext4-modules-3.16.0-4-586-di isofs-modules-3.16.0-4-586-di jfs-modules-3.16.0-4-586-di ntfs-modules-3.16.0-4-586-di xfs-modules-3.16.0-4-586-di fat-modules-3.16.0-4-586-di md-modules-3.16.0-4-586-di multipath-modules-3.16.0-4-586-di usb-modules-3.16.0-4-586-di usb-storage-modules-3.16.0-4-586-di pcmcia-storage-modules-3.16.0-4-586-di fb-modules-3.16.0-4-586-di input-modules-3.16.0-4-586-di event-modules-3.16.0-4-586-di mouse-modules-3.16.0-4-586-di nic-pcmcia-modules-3.16.0-4-586-di pcmcia-modules-3.16.0-4-586-di nic-usb-modules-3.16.0-4-586-di sata-modules-3.16.0-4-586-di core-modules-3.16.0-4-586-di acpi-modules-3.16.0-4-586-di i2c-modules-3.16.0-4-586-di crc-modules-3.16.0-4-586-di crypto-modules-3.16.0-4-586-di crypto-dm-modules-3.16.0-4-586-di efi-modules-3.16.0-4-586-di ata-modules-3.16.0-4-586-di mmc-core-modules-3.16.0-4-586-di mmc-modules-3.16.0-4-586-di nbd-modules-3.16.0-4-586-di squashfs-modules-3.16.0-4-586-di speakup-modules-3.16.0-4-586-di virtio-modules-3.16.0-4-586-di uinput-modules-3.16.0-4-586-di sound-modules-3.16.0-4-586-di hyperv-modules-3.16.0-4-586-di udf-modules-3.16.0-4-586-di fuse-modules-3.16.0-4-586-di kernel-image-3.16.0-4-686-pae-di nic-modules-3.16.0-4-686-pae-di nic-wireless-modules-3.16.0-4-686-pae-di nic-shared-modules-3.16.0-4-686-pae-di serial-modules-3.16.0-4-686-pae-di usb-serial-modules-3.16.0-4-686-pae-di ppp-modules-3.16.0-4-686-pae-di pata-modules-3.16.0-4-686-pae-di cdrom-core-modules-3.16.0-4-686-pae-di firewire-core-modules-3.16.0-4-686-pae-di scsi-core-modules-3.16.0-4-686-pae-di scsi-modules-3.16.0-4-686-pae-di scsi-common-modules-3.16.0-4-686-pae-di scsi-extra-modules-3.16.0-4-686-pae-di loop-modules-3.16.0-4-686-pae-di btrfs-modules-3.16.0-4-686-pae-di ext4-modules-3.16.0-4-686-pae-di isofs-modules-3.16.0-4-686-pae-di jfs-modules-3.16.0-4-686-pae-di ntfs-modules-3.16.0-4-686-pae-di xfs-modules-3.16.0-4-686-pae-di fat-modules-3.16.0-4-686-pae-di md-modules-3.16.0-4-686-pae-di multipath-modules-3.16.0-4-686-pae-di usb-modules-3.16.0-4-686-pae-di usb-storage-modules-3.16.0-4-686-pae-di pcmcia-storage-modules-3.16.0-4-686-pae-di fb-modules-3.16.0-4-686-pae-di input-modules-3.16.0-4-686-pae-di event-modules-3.16.0-4-686-pae-di mouse-modules-3.16.0-4-686-pae-di nic-pcmcia-modules-3.16.0-4-686-pae-di pcmcia-modules-3.16.0-4-686-pae-di nic-usb-modules-3.16.0-4-686-pae-di sata-modules-3.16.0-4-686-pae-di core-modules-3.16.0-4-686-pae-di acpi-modules-3.16.0-4-686-pae-di i2c-modules-3.16.0-4-686-pae-di crc-modules-3.16.0-4-686-pae-di crypto-modules-3.16.0-4-686-pae-di crypto-dm-modules-3.16.0-4-686-pae-di efi-modules-3.16.0-4-686-pae-di ata-modules-3.16.0-4-686-pae-di mmc-core-modules-3.16.0-4-686-pae-di mmc-modules-3.16.0-4-686-pae-di nbd-modules-3.16.0-4-686-pae-di squashfs-modules-3.16.0-4-686-pae-di speakup-modules-3.16.0-4-686-pae-di virtio-modules-3.16.0-4-686-pae-di uinput-modules-3.16.0-4-686-pae-di sound-modules-3.16.0-4-686-pae-di hyperv-modules-3.16.0-4-686-pae-di udf-modules-3.16.0-4-686-pae-di fuse-modules-3.16.0-4-686-pae-di linux-image-3.16.0-4-586 linux-headers-3.16.0-4-586 linux-image-3.16.0-4-686-pae linux-headers-3.16.0-4-686-pae linux-image-3.16.0-4-686-pae-dbg linux-headers-3.16.0-4-all-ia64 kernel-image-3.16.0-4-itanium-di nic-modules-3.16.0-4-itanium-di nic-shared-modules-3.16.0-4-itanium-di serial-modules-3.16.0-4-itanium-di ppp-modules-3.16.0-4-itanium-di pata-modules-3.16.0-4-itanium-di cdrom-core-modules-3.16.0-4-itanium-di firewire-core-modules-3.16.0-4-itanium-di scsi-core-modules-3.16.0-4-itanium-di scsi-modules-3.16.0-4-itanium-di loop-modules-3.16.0-4-itanium-di btrfs-modules-3.16.0-4-itanium-di ext4-modules-3.16.0-4-itanium-di isofs-modules-3.16.0-4-itanium-di jfs-modules-3.16.0-4-itanium-di ntfs-modules-3.16.0-4-itanium-di xfs-modules-3.16.0-4-itanium-di fat-modules-3.16.0-4-itanium-di md-modules-3.16.0-4-itanium-di multipath-modules-3.16.0-4-itanium-di usb-modules-3.16.0-4-itanium-di usb-storage-modules-3.16.0-4-itanium-di fb-modules-3.16.0-4-itanium-di input-modules-3.16.0-4-itanium-di event-modules-3.16.0-4-itanium-di mouse-modules-3.16.0-4-itanium-di pcmcia-modules-3.16.0-4-itanium-di nic-usb-modules-3.16.0-4-itanium-di sata-modules-3.16.0-4-itanium-di core-modules-3.16.0-4-itanium-di crc-modules-3.16.0-4-itanium-di crypto-modules-3.16.0-4-itanium-di crypto-dm-modules-3.16.0-4-itanium-di ata-modules-3.16.0-4-itanium-di nbd-modules-3.16.0-4-itanium-di squashfs-modules-3.16.0-4-itanium-di uinput-modules-3.16.0-4-itanium-di udf-modules-3.16.0-4-itanium-di fuse-modules-3.16.0-4-itanium-di ide-core-modules-3.16.0-4-itanium-di ide-modules-3.16.0-4-itanium-di sn-modules-3.16.0-4-itanium-di linux-image-3.16.0-4-itanium linux-headers-3.16.0-4-itanium linux-image-3.16.0-4-mckinley linux-headers-3.16.0-4-mckinley linux-headers-3.16.0-4-all-m68k kernel-image-3.16.0-4-m68k-di nic-shared-modules-3.16.0-4-m68k-di ppp-modules-3.16.0-4-m68k-di cdrom-core-modules-3.16.0-4-m68k-di scsi-modules-3.16.0-4-m68k-di btrfs-modules-3.16.0-4-m68k-di ext4-modules-3.16.0-4-m68k-di isofs-modules-3.16.0-4-m68k-di fat-modules-3.16.0-4-m68k-di md-modules-3.16.0-4-m68k-di core-modules-3.16.0-4-m68k-di crc-modules-3.16.0-4-m68k-di crypto-modules-3.16.0-4-m68k-di nbd-modules-3.16.0-4-m68k-di squashfs-modules-3.16.0-4-m68k-di zlib-modules-3.16.0-4-m68k-di udf-modules-3.16.0-4-m68k-di fuse-modules-3.16.0-4-m68k-di linux-image-3.16.0-4-m68k linux-headers-3.16.0-4-m68k linux-headers-3.16.0-4-all-mips kernel-image-3.16.0-4-sb1-bcm91250a-di nic-modules-3.16.0-4-sb1-bcm91250a-di nic-wireless-modules-3.16.0-4-sb1-bcm91250a-di nic-shared-modules-3.16.0-4-sb1-bcm91250a-di usb-serial-modules-3.16.0-4-sb1-bcm91250a-di ppp-modules-3.16.0-4-sb1-bcm91250a-di pata-modules-3.16.0-4-sb1-bcm91250a-di cdrom-core-modules-3.16.0-4-sb1-bcm91250a-di scsi-core-modules-3.16.0-4-sb1-bcm91250a-di scsi-modules-3.16.0-4-sb1-bcm91250a-di scsi-common-modules-3.16.0-4-sb1-bcm91250a-di scsi-extra-modules-3.16.0-4-sb1-bcm91250a-di loop-modules-3.16.0-4-sb1-bcm91250a-di btrfs-modules-3.16.0-4-sb1-bcm91250a-di isofs-modules-3.16.0-4-sb1-bcm91250a-di jfs-modules-3.16.0-4-sb1-bcm91250a-di ntfs-modules-3.16.0-4-sb1-bcm91250a-di xfs-modules-3.16.0-4-sb1-bcm91250a-di fat-modules-3.16.0-4-sb1-bcm91250a-di hfs-modules-3.16.0-4-sb1-bcm91250a-di affs-modules-3.16.0-4-sb1-bcm91250a-di minix-modules-3.16.0-4-sb1-bcm91250a-di md-modules-3.16.0-4-sb1-bcm91250a-di multipath-modules-3.16.0-4-sb1-bcm91250a-di usb-modules-3.16.0-4-sb1-bcm91250a-di usb-storage-modules-3.16.0-4-sb1-bcm91250a-di input-modules-3.16.0-4-sb1-bcm91250a-di event-modules-3.16.0-4-sb1-bcm91250a-di nic-usb-modules-3.16.0-4-sb1-bcm91250a-di sata-modules-3.16.0-4-sb1-bcm91250a-di i2c-modules-3.16.0-4-sb1-bcm91250a-di crc-modules-3.16.0-4-sb1-bcm91250a-di crypto-modules-3.16.0-4-sb1-bcm91250a-di crypto-dm-modules-3.16.0-4-sb1-bcm91250a-di ata-modules-3.16.0-4-sb1-bcm91250a-di nbd-modules-3.16.0-4-sb1-bcm91250a-di squashfs-modules-3.16.0-4-sb1-bcm91250a-di rtc-modules-3.16.0-4-sb1-bcm91250a-di virtio-modules-3.16.0-4-sb1-bcm91250a-di sound-modules-3.16.0-4-sb1-bcm91250a-di zlib-modules-3.16.0-4-sb1-bcm91250a-di udf-modules-3.16.0-4-sb1-bcm91250a-di fuse-modules-3.16.0-4-sb1-bcm91250a-di kernel-image-3.16.0-4-r4k-ip22-di nic-shared-modules-3.16.0-4-r4k-ip22-di loop-modules-3.16.0-4-r4k-ip22-di btrfs-modules-3.16.0-4-r4k-ip22-di isofs-modules-3.16.0-4-r4k-ip22-di jfs-modules-3.16.0-4-r4k-ip22-di xfs-modules-3.16.0-4-r4k-ip22-di md-modules-3.16.0-4-r4k-ip22-di multipath-modules-3.16.0-4-r4k-ip22-di crc-modules-3.16.0-4-r4k-ip22-di crypto-modules-3.16.0-4-r4k-ip22-di crypto-dm-modules-3.16.0-4-r4k-ip22-di nbd-modules-3.16.0-4-r4k-ip22-di squashfs-modules-3.16.0-4-r4k-ip22-di zlib-modules-3.16.0-4-r4k-ip22-di udf-modules-3.16.0-4-r4k-ip22-di fuse-modules-3.16.0-4-r4k-ip22-di kernel-image-3.16.0-4-r5k-ip32-di nic-shared-modules-3.16.0-4-r5k-ip32-di loop-modules-3.16.0-4-r5k-ip32-di btrfs-modules-3.16.0-4-r5k-ip32-di isofs-modules-3.16.0-4-r5k-ip32-di jfs-modules-3.16.0-4-r5k-ip32-di xfs-modules-3.16.0-4-r5k-ip32-di md-modules-3.16.0-4-r5k-ip32-di multipath-modules-3.16.0-4-r5k-ip32-di crc-modules-3.16.0-4-r5k-ip32-di crypto-modules-3.16.0-4-r5k-ip32-di crypto-dm-modules-3.16.0-4-r5k-ip32-di nbd-modules-3.16.0-4-r5k-ip32-di squashfs-modules-3.16.0-4-r5k-ip32-di zlib-modules-3.16.0-4-r5k-ip32-di udf-modules-3.16.0-4-r5k-ip32-di fuse-modules-3.16.0-4-r5k-ip32-di kernel-image-3.16.0-4-4kc-malta-di nic-modules-3.16.0-4-4kc-malta-di nic-wireless-modules-3.16.0-4-4kc-malta-di nic-shared-modules-3.16.0-4-4kc-malta-di usb-serial-modules-3.16.0-4-4kc-malta-di ppp-modules-3.16.0-4-4kc-malta-di pata-modules-3.16.0-4-4kc-malta-di cdrom-core-modules-3.16.0-4-4kc-malta-di scsi-core-modules-3.16.0-4-4kc-malta-di scsi-modules-3.16.0-4-4kc-malta-di scsi-common-modules-3.16.0-4-4kc-malta-di scsi-extra-modules-3.16.0-4-4kc-malta-di loop-modules-3.16.0-4-4kc-malta-di btrfs-modules-3.16.0-4-4kc-malta-di isofs-modules-3.16.0-4-4kc-malta-di jfs-modules-3.16.0-4-4kc-malta-di ntfs-modules-3.16.0-4-4kc-malta-di xfs-modules-3.16.0-4-4kc-malta-di fat-modules-3.16.0-4-4kc-malta-di hfs-modules-3.16.0-4-4kc-malta-di affs-modules-3.16.0-4-4kc-malta-di minix-modules-3.16.0-4-4kc-malta-di md-modules-3.16.0-4-4kc-malta-di multipath-modules-3.16.0-4-4kc-malta-di usb-modules-3.16.0-4-4kc-malta-di usb-storage-modules-3.16.0-4-4kc-malta-di input-modules-3.16.0-4-4kc-malta-di event-modules-3.16.0-4-4kc-malta-di mouse-modules-3.16.0-4-4kc-malta-di nic-usb-modules-3.16.0-4-4kc-malta-di sata-modules-3.16.0-4-4kc-malta-di i2c-modules-3.16.0-4-4kc-malta-di crc-modules-3.16.0-4-4kc-malta-di crypto-modules-3.16.0-4-4kc-malta-di crypto-dm-modules-3.16.0-4-4kc-malta-di mmc-core-modules-3.16.0-4-4kc-malta-di mmc-modules-3.16.0-4-4kc-malta-di nbd-modules-3.16.0-4-4kc-malta-di squashfs-modules-3.16.0-4-4kc-malta-di virtio-modules-3.16.0-4-4kc-malta-di sound-modules-3.16.0-4-4kc-malta-di zlib-modules-3.16.0-4-4kc-malta-di udf-modules-3.16.0-4-4kc-malta-di fuse-modules-3.16.0-4-4kc-malta-di kernel-image-3.16.0-4-octeon-di nic-modules-3.16.0-4-octeon-di nic-wireless-modules-3.16.0-4-octeon-di nic-shared-modules-3.16.0-4-octeon-di usb-serial-modules-3.16.0-4-octeon-di ppp-modules-3.16.0-4-octeon-di pata-modules-3.16.0-4-octeon-di cdrom-core-modules-3.16.0-4-octeon-di scsi-core-modules-3.16.0-4-octeon-di scsi-modules-3.16.0-4-octeon-di scsi-common-modules-3.16.0-4-octeon-di scsi-extra-modules-3.16.0-4-octeon-di loop-modules-3.16.0-4-octeon-di btrfs-modules-3.16.0-4-octeon-di isofs-modules-3.16.0-4-octeon-di jfs-modules-3.16.0-4-octeon-di ntfs-modules-3.16.0-4-octeon-di xfs-modules-3.16.0-4-octeon-di fat-modules-3.16.0-4-octeon-di hfs-modules-3.16.0-4-octeon-di affs-modules-3.16.0-4-octeon-di minix-modules-3.16.0-4-octeon-di md-modules-3.16.0-4-octeon-di multipath-modules-3.16.0-4-octeon-di usb-modules-3.16.0-4-octeon-di usb-storage-modules-3.16.0-4-octeon-di input-modules-3.16.0-4-octeon-di event-modules-3.16.0-4-octeon-di nic-usb-modules-3.16.0-4-octeon-di sata-modules-3.16.0-4-octeon-di crc-modules-3.16.0-4-octeon-di crypto-modules-3.16.0-4-octeon-di crypto-dm-modules-3.16.0-4-octeon-di nbd-modules-3.16.0-4-octeon-di squashfs-modules-3.16.0-4-octeon-di rtc-modules-3.16.0-4-octeon-di virtio-modules-3.16.0-4-octeon-di sound-modules-3.16.0-4-octeon-di zlib-modules-3.16.0-4-octeon-di udf-modules-3.16.0-4-octeon-di fuse-modules-3.16.0-4-octeon-di linux-image-3.16.0-4-r4k-ip22 linux-headers-3.16.0-4-r4k-ip22 linux-image-3.16.0-4-r5k-ip32 linux-headers-3.16.0-4-r5k-ip32 linux-image-3.16.0-4-sb1-bcm91250a linux-headers-3.16.0-4-sb1-bcm91250a linux-image-3.16.0-4-4kc-malta linux-headers-3.16.0-4-4kc-malta linux-image-3.16.0-4-5kc-malta linux-headers-3.16.0-4-5kc-malta linux-image-3.16.0-4-octeon linux-headers-3.16.0-4-octeon linux-headers-3.16.0-4-all-mipsel kernel-image-3.16.0-4-loongson-2e-di nic-modules-3.16.0-4-loongson-2e-di nic-wireless-modules-3.16.0-4-loongson-2e-di nic-shared-modules-3.16.0-4-loongson-2e-di usb-serial-modules-3.16.0-4-loongson-2e-di ppp-modules-3.16.0-4-loongson-2e-di pata-modules-3.16.0-4-loongson-2e-di cdrom-core-modules-3.16.0-4-loongson-2e-di firewire-core-modules-3.16.0-4-loongson-2e-di scsi-core-modules-3.16.0-4-loongson-2e-di scsi-modules-3.16.0-4-loongson-2e-di scsi-common-modules-3.16.0-4-loongson-2e-di scsi-extra-modules-3.16.0-4-loongson-2e-di loop-modules-3.16.0-4-loongson-2e-di btrfs-modules-3.16.0-4-loongson-2e-di isofs-modules-3.16.0-4-loongson-2e-di jfs-modules-3.16.0-4-loongson-2e-di ntfs-modules-3.16.0-4-loongson-2e-di xfs-modules-3.16.0-4-loongson-2e-di fat-modules-3.16.0-4-loongson-2e-di hfs-modules-3.16.0-4-loongson-2e-di affs-modules-3.16.0-4-loongson-2e-di minix-modules-3.16.0-4-loongson-2e-di nfs-modules-3.16.0-4-loongson-2e-di md-modules-3.16.0-4-loongson-2e-di multipath-modules-3.16.0-4-loongson-2e-di usb-modules-3.16.0-4-loongson-2e-di usb-storage-modules-3.16.0-4-loongson-2e-di input-modules-3.16.0-4-loongson-2e-di event-modules-3.16.0-4-loongson-2e-di nic-usb-modules-3.16.0-4-loongson-2e-di sata-modules-3.16.0-4-loongson-2e-di crc-modules-3.16.0-4-loongson-2e-di crypto-modules-3.16.0-4-loongson-2e-di crypto-dm-modules-3.16.0-4-loongson-2e-di ata-modules-3.16.0-4-loongson-2e-di nbd-modules-3.16.0-4-loongson-2e-di squashfs-modules-3.16.0-4-loongson-2e-di speakup-modules-3.16.0-4-loongson-2e-di virtio-modules-3.16.0-4-loongson-2e-di sound-modules-3.16.0-4-loongson-2e-di zlib-modules-3.16.0-4-loongson-2e-di udf-modules-3.16.0-4-loongson-2e-di fuse-modules-3.16.0-4-loongson-2e-di kernel-image-3.16.0-4-loongson-2f-di nic-modules-3.16.0-4-loongson-2f-di nic-wireless-modules-3.16.0-4-loongson-2f-di nic-shared-modules-3.16.0-4-loongson-2f-di usb-serial-modules-3.16.0-4-loongson-2f-di ppp-modules-3.16.0-4-loongson-2f-di pata-modules-3.16.0-4-loongson-2f-di cdrom-core-modules-3.16.0-4-loongson-2f-di firewire-core-modules-3.16.0-4-loongson-2f-di scsi-core-modules-3.16.0-4-loongson-2f-di scsi-modules-3.16.0-4-loongson-2f-di scsi-common-modules-3.16.0-4-loongson-2f-di scsi-extra-modules-3.16.0-4-loongson-2f-di loop-modules-3.16.0-4-loongson-2f-di btrfs-modules-3.16.0-4-loongson-2f-di isofs-modules-3.16.0-4-loongson-2f-di jfs-modules-3.16.0-4-loongson-2f-di ntfs-modules-3.16.0-4-loongson-2f-di xfs-modules-3.16.0-4-loongson-2f-di fat-modules-3.16.0-4-loongson-2f-di hfs-modules-3.16.0-4-loongson-2f-di affs-modules-3.16.0-4-loongson-2f-di minix-modules-3.16.0-4-loongson-2f-di nfs-modules-3.16.0-4-loongson-2f-di md-modules-3.16.0-4-loongson-2f-di multipath-modules-3.16.0-4-loongson-2f-di usb-modules-3.16.0-4-loongson-2f-di usb-storage-modules-3.16.0-4-loongson-2f-di input-modules-3.16.0-4-loongson-2f-di event-modules-3.16.0-4-loongson-2f-di nic-usb-modules-3.16.0-4-loongson-2f-di sata-modules-3.16.0-4-loongson-2f-di crc-modules-3.16.0-4-loongson-2f-di crypto-modules-3.16.0-4-loongson-2f-di crypto-dm-modules-3.16.0-4-loongson-2f-di ata-modules-3.16.0-4-loongson-2f-di nbd-modules-3.16.0-4-loongson-2f-di squashfs-modules-3.16.0-4-loongson-2f-di speakup-modules-3.16.0-4-loongson-2f-di virtio-modules-3.16.0-4-loongson-2f-di sound-modules-3.16.0-4-loongson-2f-di zlib-modules-3.16.0-4-loongson-2f-di udf-modules-3.16.0-4-loongson-2f-di fuse-modules-3.16.0-4-loongson-2f-di kernel-image-3.16.0-4-loongson-3-di nic-modules-3.16.0-4-loongson-3-di nic-wireless-modules-3.16.0-4-loongson-3-di nic-shared-modules-3.16.0-4-loongson-3-di usb-serial-modules-3.16.0-4-loongson-3-di ppp-modules-3.16.0-4-loongson-3-di pata-modules-3.16.0-4-loongson-3-di cdrom-core-modules-3.16.0-4-loongson-3-di firewire-core-modules-3.16.0-4-loongson-3-di scsi-core-modules-3.16.0-4-loongson-3-di scsi-modules-3.16.0-4-loongson-3-di scsi-common-modules-3.16.0-4-loongson-3-di scsi-extra-modules-3.16.0-4-loongson-3-di loop-modules-3.16.0-4-loongson-3-di btrfs-modules-3.16.0-4-loongson-3-di isofs-modules-3.16.0-4-loongson-3-di jfs-modules-3.16.0-4-loongson-3-di ntfs-modules-3.16.0-4-loongson-3-di xfs-modules-3.16.0-4-loongson-3-di fat-modules-3.16.0-4-loongson-3-di hfs-modules-3.16.0-4-loongson-3-di affs-modules-3.16.0-4-loongson-3-di minix-modules-3.16.0-4-loongson-3-di nfs-modules-3.16.0-4-loongson-3-di md-modules-3.16.0-4-loongson-3-di multipath-modules-3.16.0-4-loongson-3-di usb-modules-3.16.0-4-loongson-3-di usb-storage-modules-3.16.0-4-loongson-3-di input-modules-3.16.0-4-loongson-3-di event-modules-3.16.0-4-loongson-3-di nic-usb-modules-3.16.0-4-loongson-3-di sata-modules-3.16.0-4-loongson-3-di crc-modules-3.16.0-4-loongson-3-di crypto-modules-3.16.0-4-loongson-3-di crypto-dm-modules-3.16.0-4-loongson-3-di ata-modules-3.16.0-4-loongson-3-di nbd-modules-3.16.0-4-loongson-3-di squashfs-modules-3.16.0-4-loongson-3-di speakup-modules-3.16.0-4-loongson-3-di virtio-modules-3.16.0-4-loongson-3-di sound-modules-3.16.0-4-loongson-3-di zlib-modules-3.16.0-4-loongson-3-di udf-modules-3.16.0-4-loongson-3-di fuse-modules-3.16.0-4-loongson-3-di linux-image-3.16.0-4-loongson-2e linux-headers-3.16.0-4-loongson-2e linux-image-3.16.0-4-loongson-2f linux-headers-3.16.0-4-loongson-2f linux-image-3.16.0-4-loongson-3 linux-headers-3.16.0-4-loongson-3 linux-headers-3.16.0-4-all-mips64 kernel-image-3.16.0-4-5kc-malta-di nic-modules-3.16.0-4-5kc-malta-di nic-wireless-modules-3.16.0-4-5kc-malta-di nic-shared-modules-3.16.0-4-5kc-malta-di usb-serial-modules-3.16.0-4-5kc-malta-di ppp-modules-3.16.0-4-5kc-malta-di pata-modules-3.16.0-4-5kc-malta-di cdrom-core-modules-3.16.0-4-5kc-malta-di scsi-core-modules-3.16.0-4-5kc-malta-di scsi-modules-3.16.0-4-5kc-malta-di scsi-common-modules-3.16.0-4-5kc-malta-di scsi-extra-modules-3.16.0-4-5kc-malta-di loop-modules-3.16.0-4-5kc-malta-di btrfs-modules-3.16.0-4-5kc-malta-di isofs-modules-3.16.0-4-5kc-malta-di jfs-modules-3.16.0-4-5kc-malta-di ntfs-modules-3.16.0-4-5kc-malta-di xfs-modules-3.16.0-4-5kc-malta-di fat-modules-3.16.0-4-5kc-malta-di hfs-modules-3.16.0-4-5kc-malta-di affs-modules-3.16.0-4-5kc-malta-di minix-modules-3.16.0-4-5kc-malta-di md-modules-3.16.0-4-5kc-malta-di multipath-modules-3.16.0-4-5kc-malta-di usb-modules-3.16.0-4-5kc-malta-di usb-storage-modules-3.16.0-4-5kc-malta-di input-modules-3.16.0-4-5kc-malta-di event-modules-3.16.0-4-5kc-malta-di mouse-modules-3.16.0-4-5kc-malta-di nic-usb-modules-3.16.0-4-5kc-malta-di sata-modules-3.16.0-4-5kc-malta-di i2c-modules-3.16.0-4-5kc-malta-di crc-modules-3.16.0-4-5kc-malta-di crypto-modules-3.16.0-4-5kc-malta-di crypto-dm-modules-3.16.0-4-5kc-malta-di mmc-core-modules-3.16.0-4-5kc-malta-di mmc-modules-3.16.0-4-5kc-malta-di nbd-modules-3.16.0-4-5kc-malta-di squashfs-modules-3.16.0-4-5kc-malta-di virtio-modules-3.16.0-4-5kc-malta-di sound-modules-3.16.0-4-5kc-malta-di zlib-modules-3.16.0-4-5kc-malta-di udf-modules-3.16.0-4-5kc-malta-di fuse-modules-3.16.0-4-5kc-malta-di linux-headers-3.16.0-4-all-mips64el linux-headers-3.16.0-4-all-powerpc kernel-image-3.16.0-4-powerpc-di nic-modules-3.16.0-4-powerpc-di nic-shared-modules-3.16.0-4-powerpc-di serial-modules-3.16.0-4-powerpc-di usb-serial-modules-3.16.0-4-powerpc-di ppp-modules-3.16.0-4-powerpc-di pata-modules-3.16.0-4-powerpc-di cdrom-core-modules-3.16.0-4-powerpc-di firewire-core-modules-3.16.0-4-powerpc-di scsi-core-modules-3.16.0-4-powerpc-di scsi-modules-3.16.0-4-powerpc-di scsi-common-modules-3.16.0-4-powerpc-di scsi-extra-modules-3.16.0-4-powerpc-di loop-modules-3.16.0-4-powerpc-di btrfs-modules-3.16.0-4-powerpc-di ext4-modules-3.16.0-4-powerpc-di isofs-modules-3.16.0-4-powerpc-di jfs-modules-3.16.0-4-powerpc-di xfs-modules-3.16.0-4-powerpc-di fat-modules-3.16.0-4-powerpc-di hfs-modules-3.16.0-4-powerpc-di affs-modules-3.16.0-4-powerpc-di md-modules-3.16.0-4-powerpc-di multipath-modules-3.16.0-4-powerpc-di usb-modules-3.16.0-4-powerpc-di usb-storage-modules-3.16.0-4-powerpc-di pcmcia-storage-modules-3.16.0-4-powerpc-di fb-modules-3.16.0-4-powerpc-di input-modules-3.16.0-4-powerpc-di event-modules-3.16.0-4-powerpc-di mouse-modules-3.16.0-4-powerpc-di nic-pcmcia-modules-3.16.0-4-powerpc-di pcmcia-modules-3.16.0-4-powerpc-di sata-modules-3.16.0-4-powerpc-di core-modules-3.16.0-4-powerpc-di crc-modules-3.16.0-4-powerpc-di crypto-modules-3.16.0-4-powerpc-di crypto-dm-modules-3.16.0-4-powerpc-di ata-modules-3.16.0-4-powerpc-di nbd-modules-3.16.0-4-powerpc-di squashfs-modules-3.16.0-4-powerpc-di virtio-modules-3.16.0-4-powerpc-di uinput-modules-3.16.0-4-powerpc-di zlib-modules-3.16.0-4-powerpc-di udf-modules-3.16.0-4-powerpc-di fuse-modules-3.16.0-4-powerpc-di kernel-image-3.16.0-4-powerpc64-di nic-modules-3.16.0-4-powerpc64-di nic-shared-modules-3.16.0-4-powerpc64-di serial-modules-3.16.0-4-powerpc64-di usb-serial-modules-3.16.0-4-powerpc64-di ppp-modules-3.16.0-4-powerpc64-di pata-modules-3.16.0-4-powerpc64-di cdrom-core-modules-3.16.0-4-powerpc64-di firewire-core-modules-3.16.0-4-powerpc64-di scsi-core-modules-3.16.0-4-powerpc64-di scsi-modules-3.16.0-4-powerpc64-di scsi-common-modules-3.16.0-4-powerpc64-di scsi-extra-modules-3.16.0-4-powerpc64-di loop-modules-3.16.0-4-powerpc64-di btrfs-modules-3.16.0-4-powerpc64-di ext4-modules-3.16.0-4-powerpc64-di isofs-modules-3.16.0-4-powerpc64-di jfs-modules-3.16.0-4-powerpc64-di xfs-modules-3.16.0-4-powerpc64-di fat-modules-3.16.0-4-powerpc64-di hfs-modules-3.16.0-4-powerpc64-di affs-modules-3.16.0-4-powerpc64-di md-modules-3.16.0-4-powerpc64-di multipath-modules-3.16.0-4-powerpc64-di usb-modules-3.16.0-4-powerpc64-di usb-storage-modules-3.16.0-4-powerpc64-di pcmcia-storage-modules-3.16.0-4-powerpc64-di input-modules-3.16.0-4-powerpc64-di event-modules-3.16.0-4-powerpc64-di mouse-modules-3.16.0-4-powerpc64-di nic-pcmcia-modules-3.16.0-4-powerpc64-di pcmcia-modules-3.16.0-4-powerpc64-di sata-modules-3.16.0-4-powerpc64-di core-modules-3.16.0-4-powerpc64-di crc-modules-3.16.0-4-powerpc64-di crypto-modules-3.16.0-4-powerpc64-di crypto-dm-modules-3.16.0-4-powerpc64-di ata-modules-3.16.0-4-powerpc64-di nbd-modules-3.16.0-4-powerpc64-di squashfs-modules-3.16.0-4-powerpc64-di virtio-modules-3.16.0-4-powerpc64-di uinput-modules-3.16.0-4-powerpc64-di udf-modules-3.16.0-4-powerpc64-di fuse-modules-3.16.0-4-powerpc64-di hypervisor-modules-3.16.0-4-powerpc64-di fancontrol-modules-3.16.0-4-powerpc64-di linux-image-3.16.0-4-powerpc linux-headers-3.16.0-4-powerpc linux-image-3.16.0-4-powerpc-smp linux-headers-3.16.0-4-powerpc-smp linux-image-3.16.0-4-powerpc64 linux-headers-3.16.0-4-powerpc64 linux-headers-3.16.0-4-all-powerpcspe linux-image-3.16.0-4-powerpcspe linux-headers-3.16.0-4-powerpcspe linux-headers-3.16.0-4-all-ppc64 linux-headers-3.16.0-4-all-ppc64el kernel-image-3.16.0-4-powerpc64le-di nic-modules-3.16.0-4-powerpc64le-di nic-shared-modules-3.16.0-4-powerpc64le-di serial-modules-3.16.0-4-powerpc64le-di usb-serial-modules-3.16.0-4-powerpc64le-di ppp-modules-3.16.0-4-powerpc64le-di cdrom-core-modules-3.16.0-4-powerpc64le-di firewire-core-modules-3.16.0-4-powerpc64le-di scsi-core-modules-3.16.0-4-powerpc64le-di scsi-modules-3.16.0-4-powerpc64le-di scsi-common-modules-3.16.0-4-powerpc64le-di scsi-extra-modules-3.16.0-4-powerpc64le-di loop-modules-3.16.0-4-powerpc64le-di btrfs-modules-3.16.0-4-powerpc64le-di ext4-modules-3.16.0-4-powerpc64le-di isofs-modules-3.16.0-4-powerpc64le-di jfs-modules-3.16.0-4-powerpc64le-di xfs-modules-3.16.0-4-powerpc64le-di fat-modules-3.16.0-4-powerpc64le-di md-modules-3.16.0-4-powerpc64le-di multipath-modules-3.16.0-4-powerpc64le-di usb-modules-3.16.0-4-powerpc64le-di usb-storage-modules-3.16.0-4-powerpc64le-di input-modules-3.16.0-4-powerpc64le-di event-modules-3.16.0-4-powerpc64le-di mouse-modules-3.16.0-4-powerpc64le-di sata-modules-3.16.0-4-powerpc64le-di core-modules-3.16.0-4-powerpc64le-di crc-modules-3.16.0-4-powerpc64le-di crypto-modules-3.16.0-4-powerpc64le-di crypto-dm-modules-3.16.0-4-powerpc64le-di ata-modules-3.16.0-4-powerpc64le-di nbd-modules-3.16.0-4-powerpc64le-di squashfs-modules-3.16.0-4-powerpc64le-di virtio-modules-3.16.0-4-powerpc64le-di uinput-modules-3.16.0-4-powerpc64le-di udf-modules-3.16.0-4-powerpc64le-di fuse-modules-3.16.0-4-powerpc64le-di hypervisor-modules-3.16.0-4-powerpc64le-di fancontrol-modules-3.16.0-4-powerpc64le-di linux-image-3.16.0-4-powerpc64le linux-headers-3.16.0-4-powerpc64le linux-headers-3.16.0-4-all-s390 kernel-image-3.16.0-4-s390x-di nic-modules-3.16.0-4-s390x-di scsi-core-modules-3.16.0-4-s390x-di scsi-modules-3.16.0-4-s390x-di ext4-modules-3.16.0-4-s390x-di xfs-modules-3.16.0-4-s390x-di fat-modules-3.16.0-4-s390x-di md-modules-3.16.0-4-s390x-di multipath-modules-3.16.0-4-s390x-di core-modules-3.16.0-4-s390x-di crypto-modules-3.16.0-4-s390x-di crypto-dm-modules-3.16.0-4-s390x-di nbd-modules-3.16.0-4-s390x-di virtio-modules-3.16.0-4-s390x-di fuse-modules-3.16.0-4-s390x-di dasd-modules-3.16.0-4-s390x-di dasd-extra-modules-3.16.0-4-s390x-di linux-image-3.16.0-4-s390x linux-headers-3.16.0-4-s390x linux-image-3.16.0-4-s390x-dbg linux-headers-3.16.0-4-all-s390x linux-headers-3.16.0-4-all-sh4 kernel-image-3.16.0-4-sh7751r-di nic-modules-3.16.0-4-sh7751r-di usb-serial-modules-3.16.0-4-sh7751r-di ppp-modules-3.16.0-4-sh7751r-di pata-modules-3.16.0-4-sh7751r-di cdrom-core-modules-3.16.0-4-sh7751r-di firewire-core-modules-3.16.0-4-sh7751r-di scsi-core-modules-3.16.0-4-sh7751r-di loop-modules-3.16.0-4-sh7751r-di btrfs-modules-3.16.0-4-sh7751r-di ext4-modules-3.16.0-4-sh7751r-di isofs-modules-3.16.0-4-sh7751r-di jfs-modules-3.16.0-4-sh7751r-di xfs-modules-3.16.0-4-sh7751r-di fat-modules-3.16.0-4-sh7751r-di minix-modules-3.16.0-4-sh7751r-di md-modules-3.16.0-4-sh7751r-di multipath-modules-3.16.0-4-sh7751r-di usb-storage-modules-3.16.0-4-sh7751r-di nic-usb-modules-3.16.0-4-sh7751r-di sata-modules-3.16.0-4-sh7751r-di i2c-modules-3.16.0-4-sh7751r-di crc-modules-3.16.0-4-sh7751r-di crypto-modules-3.16.0-4-sh7751r-di crypto-dm-modules-3.16.0-4-sh7751r-di nbd-modules-3.16.0-4-sh7751r-di squashfs-modules-3.16.0-4-sh7751r-di speakup-modules-3.16.0-4-sh7751r-di virtio-modules-3.16.0-4-sh7751r-di sound-modules-3.16.0-4-sh7751r-di zlib-modules-3.16.0-4-sh7751r-di udf-modules-3.16.0-4-sh7751r-di fuse-modules-3.16.0-4-sh7751r-di kernel-image-3.16.0-4-sh7785lcr-di nic-modules-3.16.0-4-sh7785lcr-di usb-serial-modules-3.16.0-4-sh7785lcr-di ppp-modules-3.16.0-4-sh7785lcr-di pata-modules-3.16.0-4-sh7785lcr-di cdrom-core-modules-3.16.0-4-sh7785lcr-di firewire-core-modules-3.16.0-4-sh7785lcr-di scsi-core-modules-3.16.0-4-sh7785lcr-di loop-modules-3.16.0-4-sh7785lcr-di btrfs-modules-3.16.0-4-sh7785lcr-di ext4-modules-3.16.0-4-sh7785lcr-di isofs-modules-3.16.0-4-sh7785lcr-di jfs-modules-3.16.0-4-sh7785lcr-di xfs-modules-3.16.0-4-sh7785lcr-di fat-modules-3.16.0-4-sh7785lcr-di minix-modules-3.16.0-4-sh7785lcr-di md-modules-3.16.0-4-sh7785lcr-di multipath-modules-3.16.0-4-sh7785lcr-di nic-usb-modules-3.16.0-4-sh7785lcr-di sata-modules-3.16.0-4-sh7785lcr-di crc-modules-3.16.0-4-sh7785lcr-di crypto-modules-3.16.0-4-sh7785lcr-di crypto-dm-modules-3.16.0-4-sh7785lcr-di nbd-modules-3.16.0-4-sh7785lcr-di squashfs-modules-3.16.0-4-sh7785lcr-di speakup-modules-3.16.0-4-sh7785lcr-di sound-modules-3.16.0-4-sh7785lcr-di zlib-modules-3.16.0-4-sh7785lcr-di udf-modules-3.16.0-4-sh7785lcr-di fuse-modules-3.16.0-4-sh7785lcr-di linux-image-3.16.0-4-sh7751r linux-headers-3.16.0-4-sh7751r linux-image-3.16.0-4-sh7785lcr linux-headers-3.16.0-4-sh7785lcr linux-headers-3.16.0-4-all-sparc kernel-image-3.16.0-4-sparc64-di nic-modules-3.16.0-4-sparc64-di ppp-modules-3.16.0-4-sparc64-di pata-modules-3.16.0-4-sparc64-di cdrom-core-modules-3.16.0-4-sparc64-di scsi-core-modules-3.16.0-4-sparc64-di scsi-modules-3.16.0-4-sparc64-di scsi-common-modules-3.16.0-4-sparc64-di btrfs-modules-3.16.0-4-sparc64-di ext4-modules-3.16.0-4-sparc64-di isofs-modules-3.16.0-4-sparc64-di jfs-modules-3.16.0-4-sparc64-di xfs-modules-3.16.0-4-sparc64-di fat-modules-3.16.0-4-sparc64-di md-modules-3.16.0-4-sparc64-di multipath-modules-3.16.0-4-sparc64-di usb-modules-3.16.0-4-sparc64-di usb-storage-modules-3.16.0-4-sparc64-di input-modules-3.16.0-4-sparc64-di sata-modules-3.16.0-4-sparc64-di core-modules-3.16.0-4-sparc64-di crc-modules-3.16.0-4-sparc64-di crypto-modules-3.16.0-4-sparc64-di crypto-dm-modules-3.16.0-4-sparc64-di ata-modules-3.16.0-4-sparc64-di nbd-modules-3.16.0-4-sparc64-di squashfs-modules-3.16.0-4-sparc64-di virtio-modules-3.16.0-4-sparc64-di zlib-modules-3.16.0-4-sparc64-di udf-modules-3.16.0-4-sparc64-di fuse-modules-3.16.0-4-sparc64-di linux-image-3.16.0-4-sparc64 linux-headers-3.16.0-4-sparc64 linux-image-3.16.0-4-sparc64-smp linux-headers-3.16.0-4-sparc64-smp linux-headers-3.16.0-4-all-sparc64 linux-compiler-gcc-4.8-arm linux-compiler-gcc-4.8-s390 linux-compiler-gcc-4.8-x86",487779630
20161008044734,tzdata,2016f-0+deb8u1,bb8005a6c218434905b1d19c9759f09b,"tzdata tzdata-java",266446
20161008044734,xscreensaver,5.30-1+deb8u2,b71e3a78db1ae14291cc9ff4c5e10911,"xscreensaver xscreensaver-data xscreensaver-data-extra xscreensaver-gl xscreensaver-gl-extra xscreensaver-screensaver-webcollage xscreensaver-screensaver-bsod",4781462
20161025224638,libdatetime-timezone-perl,1:1.75-2+2016h,6b5b44c2b18bee7e3cd00e7535878d09,"libdatetime-timezone-perl",269570
20161025224638,tzdata,2016h-0+deb8u1,2cfc77644df06cee1995da8ce089f4ae,"tzdata tzdata-java",266828
20161107213011,libdatetime-timezone-perl,1:1.75-2+2016i,d90446e46e49fb8cfa42478078cb982a,"libdatetime-timezone-perl",270120
20161107213011,tzdata,2016i-0+deb8u1,cd8afd06a7e34fce77352d306b78c25a,"tzdata tzdata-java",267520
20161130215912,libdatetime-timezone-perl,1:1.75-2+2016j,b36ebf67b8fb0e7da01908a9f3917e43,"libdatetime-timezone-perl",270930
20161130215912,tzdata,2016j-0+deb8u1,4fdc96b453a69655935433944badecac,"tzdata tzdata-java",267578
